<?xml version="1.0" encoding="UTF-8"?>
<!DOCTYPE mapper PUBLIC "-//mybatis.org//DTD Mapper 3.0//EN" 
"http://mybatis.org/dtd/mybatis-3-mapper.dtd">
<mapper namespace="com.hj.mapper.ProductTypeDaoMapper">
	<resultMap type="ProductType" id="rm">
		<id column="productTypeId" property="productTypeId"/>
		<result column="productTypeName" property="productTypeName" />
	</resultMap>
	<select id="getAllType" resultMap="rm">
		select * from productType
	</select>
	<insert id="addType" parameterType="ProductType">
		insert into productType (productTypeName) values(#{productTypeName})
	</insert>
</mapper>